z:\hap\1987\30\1260.pdf, 1987, 30, b19da079-03c5-4652-b4bb-b53ae2668aaa
z:\hap\1991\14\448.pdf, 1991, 14, 1110d9fd-f227-4586-b695-8168ac85299d
z:\hap\1961\18\131.pdf, 1961, 18, 9ae9c552-f3bf-4e96-8c25-c18ff8f78c50
z:\hap\1961\19\100.pdf, 1961, 19, b92063f0-717c-4799-a7a2-5aafb0d4c6ea
z:\hap\1961\12\172.pdf, 1961, 12, e5ad702e-197f-482b-b212-5ae8fd036246
z:\hap\1961\13\101.pdf, 1961, 13, 55a0d589-cbf0-4ee6-807c-5297feca6df9
z:\hap\1961\10\124.pdf, 1961, 10, 1b1666c8-1406-488b-a1aa-37939e70a0c0
z:\hap\1961\11\203.pdf, 1961, 11, e5817e5e-ff4d-4bc3-94ff-294f081a7783
z:\hap\1961\16\209.pdf, 1961, 16, 06739f2c-cad3-4b0c-b984-c3e9b7f3f417
z:\hap\1961\17\170.pdf, 1961, 17, b243ceeb-2e65-442f-8a5b-3ffe5f288653
z:\hap\1961\14\100.pdf, 1961, 14, 286ae699-cb37-47a6-bfe0-8842c89f8082
z:\hap\1961\15\1.pdf, 1961, 15, cfdee542-feb2-480f-922d-f2d6de84c3e2
z:\hap\1980\57\10.pdf, 1980, 57, b84a36af-1286-4006-bf81-b54dbc75a0da
z:\hap\1980\56\200.pdf, 1980, 56, d6a6907e-983e-454e-b53d-e06cf2e5dfd2
z:\hap\1980\55\154.pdf, 1980, 55, 9c240828-371e-4d22-8202-9c290581d499
z:\hap\1980\54\131.pdf, 1980, 54, 61b761b8-adad-4b9c-abb5-a7996fe2e7f9
z:\hap\1980\53\100.pdf, 1980, 53, 4bb5f740-efe8-4d5a-abdc-88d5d67fd490
z:\hap\1980\52\60.pdf, 1980, 52, ac7ec68e-c75b-4a7d-99aa-cad80b491b83
z:\hap\1980\51\42.pdf, 1980, 51, c7036be3-2f27-4108-9aa1-662e1d37e138
z:\hap\1980\50\28.pdf, 1980, 50, 610ed0f4-11bf-4bd3-a6e9-03acb0982cdb
z:\hap\1991\12\408.pdf, 1991, 12, 5a0c5976-479e-4486-bef0-0d5208c12d08
z:\hap\1980\59\103.pdf, 1980, 59, d97fd895-179d-4b5a-94fd-d252a0e60ec8
z:\hap\1980\58\100.pdf, 1980, 58, 922598f8-ceea-44fb-8e5d-274d99e226e9
z:\hap\1977\32\44.pdf, 1977, 32, daa96ded-3641-4c5d-98bf-08869de9b500
z:\hap\1977\31\10.pdf, 1977, 31, e42d39b6-a533-4afc-b409-98cabcb52f82
z:\hap\1977\30\181.pdf, 1977, 30, 7e77f2c8-03df-4ca4-9b4d-d609a3836c44
z:\hap\1991\19\182.pdf, 1991, 19, c1b1c538-dd6f-47e7-8bee-77b1081fc915
z:\hap\1977\5\123.pdf, 1977, 5, 5635c46e-47c0-4d8e-9c52-6c1946be7e6a
z:\hap\1984\10\5328.pdf, 1984, 10, 5ae56949-f59c-4aea-bf95-9a5349d20e58
z:\hap\1991\18\561.pdf, 1991, 18, a05aba6b-e522-4e03-b10c-616c3ada97bc
z:\hap\1988\1\6114.pdf, 1988, 1, 57523835-d396-45c2-baab-b5ad08412afe
z:\hap\1991\33\431.pdf, 1991, 33, b5fc81fd-4a0c-4677-b251-182d8bb31ee0
z:\hap\1995\19\100.pdf, 1995, 19, 41c613ea-a5f1-419e-b02f-1e6f95589847
z:\hap\1995\18\130.pdf, 1995, 18, 9995fb6e-b228-49a4-be3d-0cc96fa0b262
z:\hap\1979\28\154.pdf, 1979, 28, 06bbef54-e7e9-466a-ba69-07ea12778f09
z:\hap\1979\29\131.pdf, 1979, 29, 015f6f32-1320-4913-a3fb-a643811b145b
z:\hap\1995\11\10.pdf, 1995, 11, 5593f773-1d8e-4129-8cc9-004ce0594585
z:\hap\1979\27\237.pdf, 1979, 27, d8724de3-0641-4cd9-97ad-91c3a7504cc7
z:\hap\1995\13\100.pdf, 1995, 13, 06c546eb-e9bf-4111-a314-ed9cbc4ff544
z:\hap\1995\12\46.pdf, 1995, 12, c3fe5df0-6cc3-40bb-a06a-9326144ca0c8
z:\hap\1995\15\100.pdf, 1995, 15, b13b9e67-3098-4034-9115-e70b44917c64
z:\hap\1979\23\472.pdf, 1979, 23, 55dd1ed1-360f-4946-bacd-89a36c77d7dc
z:\hap\1995\17\49.pdf, 1995, 17, 848e9015-c469-4c95-9790-cdafd301ce04
z:\hap\1995\16\1.pdf, 1995, 16, 43cd1b51-d1b1-46a2-8f7a-8fc1e0886620
z:\hap\1991\32\492.pdf, 1991, 32, 9ae1b0f0-5f3c-4786-ac71-5d7e3894f603
z:\hap\1968\31\7533.pdf, 1968, 31, d9031c92-4158-4bc7-94c1-b1669fd6dc60
z:\hap\1968\30\7565.pdf, 1968, 30, 83891921-f958-4afb-bb9d-80b0fafee651
z:\hap\1975\3\4277.pdf, 1975, 3, be04ecb5-a2ea-4c39-8241-9776efbcb034
z:\hap\1975\2\4298.pdf, 1975, 2, 5b76a4eb-d092-438c-82e4-63119d476f24
z:\hap\1975\1\4259.pdf, 1975, 1, 4c58533c-aafb-4489-9e3a-e7d5fa57626e
z:\hap\1975\7\4406.pdf, 1975, 7, 67cc2a54-f654-4b70-87c6-0bb719016f8b
z:\hap\1975\6\4378.pdf, 1975, 6, e649381e-cd93-4c5a-bf4e-84a43b7c7786
z:\hap\1975\5\4341.pdf, 1975, 5, ad021996-207f-40fd-9aa0-29a830771eb8
z:\hap\1975\4\4319.pdf, 1975, 4, a0ccb085-153c-45e1-898c-5a74c3963abe
z:\hap\1975\9\4461.pdf, 1975, 9, c60bebea-7031-4402-b1ac-0fd37c6b7f18
z:\hap\1975\8\4434.pdf, 1975, 8, c08b794b-c906-464e-8216-9d9aa2b7c069
z:\hap\1979\11\540.pdf, 1979, 11, 2a5a53bc-6d4d-4fa5-a1a2-d6baabeac791
z:\hap\1986\19\24.pdf, 1986, 19, cf2e8afd-7632-440f-9084-8872b7c178a1
z:\hap\1986\18\121.pdf, 1986, 18, 027b3f75-9cc8-4121-a07e-8ab3f5d4f661
z:\hap\1983\15\118.pdf, 1983, 15, 79b42eea-05c6-4bcf-8754-969ec3207069
z:\hap\1986\11\120.pdf, 1986, 11, ab757a4e-e40c-4567-817b-f569fea2da6b
z:\hap\1983\12\122.pdf, 1983, 12, a34c98d5-bd13-401a-ab49-4bf184384540
z:\hap\1986\13\100.pdf, 1986, 13, 3b63f7e2-a877-4417-89fb-e961b0569ea4
z:\hap\1986\12\100.pdf, 1986, 12, 24b49b61-df6f-418e-8850-818d92198ef4
z:\hap\1986\15\1.pdf, 1986, 15, 3f27b943-8c1d-4db8-8a63-946b8abc45df
z:\hap\1986\14\10.pdf, 1986, 14, f891c39e-7e4b-4c8a-95ca-92f02bf1dfd5
z:\hap\1986\17\100.pdf, 1986, 17, 4872aed1-371d-4675-9569-788010d17335
z:\hap\1979\16\750.pdf, 1979, 16, a378feb4-f5f4-45f9-882f-3e4b0aa9693d
z:\hap\1979\15\704.pdf, 1979, 15, 1f6addff-463a-4c65-a2bc-c8ad5f792943
z:\hap\1979\9\474.pdf, 1979, 9, 48c8a1aa-434b-41ed-baaa-4b6dfc708af1
z:\hap\1979\8\227.pdf, 1979, 8, 805fe18d-1a41-40d9-9298-3d431058b060
z:\hap\1979\7\203.pdf, 1979, 7, 7c12f71f-4329-43e4-bc6d-52acc90d9f8e
z:\hap\1979\6\180.pdf, 1979, 6, c0226732-877d-4c0b-a038-7c075eaa1998
z:\hap\1979\5\755.pdf, 1979, 5, 2af535d9-f0b8-4886-bc40-55b8add093b6
z:\hap\1979\4\120.pdf, 1979, 4, df8008a3-ae6b-4899-85b6-61a9fb72b25f
z:\hap\1979\3\107.pdf, 1979, 3, 0b4cb981-0cab-41c3-b78b-6ef7b6fee9e7
z:\hap\1979\2\743.pdf, 1979, 2, d1ab1fa7-754a-4045-9820-787ea593c997
z:\hap\1979\1\89.pdf, 1979, 1, 675e1991-68bb-4f32-a3db-4cf209c984fd
z:\hap\1961\1\1.pdf, 1961, 1, 0d70e7a7-ecba-4493-a227-9888665949d8
z:\hap\1961\2\45.pdf, 1961, 2, c5c9ae29-96fd-47c5-a62a-49046b2d6ee6
z:\hap\1961\3\100.pdf, 1961, 3, daa0f29a-5218-4d08-b5b6-f23a3e958b76
z:\hap\1961\4\118.pdf, 1961, 4, 1f7a1f6a-2d1c-4aa7-90ac-0bcdb2bc068c
z:\hap\1961\5\155.pdf, 1961, 5, 467f92e0-870f-4955-a576-8dad6578c851
z:\hap\1961\6\194.pdf, 1961, 6, 19cd2277-112a-431c-be63-b108f8212181
z:\hap\1961\7\10.pdf, 1961, 7, e8fbab0d-1459-476b-8c78-5b164eaa9084
z:\hap\1961\8\48.pdf, 1961, 8, 9a451b36-ace6-4fff-82e6-96b05b8836cf
z:\hap\1961\9\100.pdf, 1961, 9, 9e35b397-d654-4286-8b65-ff284346a34d
z:\hap\1951\1\5058.pdf, 1951, 1, c749abdc-60c8-42f5-bde7-b593614bad04
z:\hap\1951\3\5118.pdf, 1951, 3, 8b03b7ba-7a61-4310-bd72-acfbf9ad8c51
z:\hap\1951\2\5087.pdf, 1951, 2, 44338aad-2ff2-4fbf-b569-6cfa3b82b69d
z:\hap\1951\5\5187.pdf, 1951, 5, 905961a3-7698-4ec3-981f-7a67fc0f8351
z:\hap\1951\4\5151.pdf, 1951, 4, 4b3c851f-3d1f-4beb-a3f8-97d5b6e5c283
z:\hap\1951\7\5058.pdf, 1951, 7, c582c056-a9c4-461c-ba0e-0fc1c76ba18a
z:\hap\1951\6\5011.pdf, 1951, 6, f5be74ab-0381-443f-97cd-13700a4749c4
z:\hap\1951\9\5088.pdf, 1951, 9, a03e3f82-ad84-49c2-961d-5d63dcdde52e
z:\hap\1951\8\5021.pdf, 1951, 8, 6ed709c1-a574-4307-95d4-a2996d51ad4a
z:\hap\1993\23\1.pdf, 1993, 23, 1282873c-992c-46e7-990f-7772c6d842e9
z:\hap\1997\17\1.pdf, 1997, 17, 9c62cc50-a542-4f0c-8dec-6213a0519e38
z:\hap\1997\16\168.pdf, 1997, 16, 048a7c82-20f6-458e-b2c1-fd0d5f48e4fa
z:\hap\1997\15\134.pdf, 1997, 15, 7f32ee3d-ee8f-45cb-851c-efbb347ecd51
z:\hap\1997\14\62.pdf, 1997, 14, 4836e532-84fb-4da0-9a77-71bacdb84ddf
z:\hap\1997\13\100.pdf, 1997, 13, be9030c6-e78a-4828-9355-69778cc88a91
z:\hap\1997\12\154.pdf, 1997, 12, 9aeb2399-08a6-43bf-a023-e97df6344808
z:\hap\1997\11\100.pdf, 1997, 11, e82fee41-dbc8-483c-ace3-6e0e3b3bfae8
z:\hap\1997\10\121.pdf, 1997, 10, ca1880fc-c6be-4141-ba67-38b942341514
z:\hap\1997\19\131.pdf, 1997, 19, e125640d-9e96-4c16-89fa-836ddf60b2ce
z:\hap\1997\18\163.pdf, 1997, 18, a176d4c1-1c2a-4202-9cb7-e55fdcd1f299
z:\hap\1993\7\169.pdf, 1993, 7, ee85fc6d-a65f-4490-9053-46a71940e13c
z:\hap\1993\6\138.pdf, 1993, 6, 902031d8-6d62-46a9-b9c5-c8643eeb89f4
z:\hap\1993\5\107.pdf, 1993, 5, f951cb2a-c4f8-4c50-817d-a1d0abff29b0
z:\hap\1993\4\100.pdf, 1993, 4, 725095aa-6666-4129-a4d9-944f712e1699
z:\hap\1993\3\50.pdf, 1993, 3, 3101cb88-35e2-49aa-b69a-97fbad94bead
z:\hap\1993\2\22.pdf, 1993, 2, 13b86aaa-1a52-4b1e-bdb0-4c22f05fd6d3
z:\hap\1993\1\1.pdf, 1993, 1, 282f699e-de2c-4194-91da-82e15b41abd3
z:\hap\1955\2\5001.pdf, 1955, 2, ab0ce032-a25f-4bf0-ae8d-ca8f73b8def6
z:\hap\1955\9\5096.pdf, 1955, 9, 64132103-0c30-4f0b-be3a-c64c98bf0ec0
z:\hap\1955\8\5042.pdf, 1955, 8, 31f61285-b047-437f-b6ea-6e8fe49c5988
z:\hap\1993\9\11.pdf, 1993, 9, eb1c8c8f-9444-40ba-86d5-ccec80b71ea0
z:\hap\1993\8\1.pdf, 1993, 8, 03123ddb-ed07-454e-82ce-05f880efc344
z:\hap\1990\15\415.pdf, 1990, 15, ffab6d85-f721-4945-a6c7-8fc06f9b396c
z:\hap\1991\30\757.pdf, 1991, 30, 18da25a7-8304-4926-b1b1-31f921773918
z:\hap\1985\10\165.pdf, 1985, 10, 649706e7-4952-40d0-b9ec-4ea500276569
z:\hap\1985\11\10.pdf, 1985, 11, 75979686-de8f-4bf3-aed2-37a2be5f782d
z:\hap\1985\12\1.pdf, 1985, 12, 31a5fc85-d804-40b9-8040-418459ff8d54
z:\hap\1985\13\18.pdf, 1985, 13, 42522189-9a6d-46df-8a54-2ff12ead7d38
z:\hap\1985\14\100.pdf, 1985, 14, 0c8e8831-9c59-4798-9c96-8441b41579a2
z:\hap\1985\15\1.pdf, 1985, 15, 27aa4299-797e-4642-ad4b-fe60aa98f73d
z:\hap\1985\16\125.pdf, 1985, 16, 01b7f958-2fac-4162-9930-90d333d58e42
z:\hap\1985\17\100.pdf, 1985, 17, 864e6c7f-006e-47a7-8c57-cbc01676229f
z:\hap\1985\18\164.pdf, 1985, 18, e5d8cff4-2aa1-4416-9bf3-e03fe08aa5b5
z:\hap\1985\19\115.pdf, 1985, 19, 7b33b778-f9fe-4f39-9d36-62deba9dff06
z:\hap\1984\17\5153.pdf, 1984, 17, 674950ce-e27c-4bf0-a0ec-35f07b865f7c
z:\hap\1977\1\10.pdf, 1977, 1, 34849e3c-f1cd-4d3f-af25-f69de70b5dad
z:\hap\1984\15\5098.pdf, 1984, 15, 2959565e-3692-4d67-a2cb-38c9807bc750
z:\hap\1984\14\5041.pdf, 1984, 14, 87b903d7-2aa5-4d14-8ea4-1fc27de1b9af
z:\hap\1984\13\5453.pdf, 1984, 13, 88bbdc7c-03e1-4179-8358-13dae40ff5fa
z:\hap\1984\12\5563.pdf, 1984, 12, 97300992-d461-4213-9d5a-5db1d5d6fbf4
z:\hap\1984\11\5521.pdf, 1984, 11, f3db2d1d-9b38-4ca4-9f58-8e5510bbf3b0
z:\hap\1993\34\116.pdf, 1993, 34, c1ed2128-9cd2-4113-b068-20d658b01777
z:\hap\1977\3\27.pdf, 1977, 3, 21b7ee77-c2e5-4a08-bbb7-8cd7216511a3
z:\hap\1984\19\5280.pdf, 1984, 19, a439520c-4f52-410a-be99-d1eb6ef09712
z:\hap\1984\18\5206.pdf, 1984, 18, 3bab5f5d-41c3-4a71-b8f1-87fc18f337cd
z:\hap\1977\2\22.pdf, 1977, 2, 6e19c9f3-b6d6-42ad-9f7f-7403d2cefd69
z:\hap\1983\8\181.pdf, 1983, 8, ea5aade6-dede-4d73-a219-f1cad287f03b
z:\hap\1983\9\48.pdf, 1983, 9, f4ee335c-5d98-4b37-a3e3-52cf08700448
z:\hap\1993\33\55.pdf, 1993, 33, 0ae1abdc-1976-4d66-a7ba-e663fe0e85c5
z:\hap\1990\18\589.pdf, 1990, 18, c76664eb-0385-4110-bcdb-94549c377495
z:\hap\1990\19\646.pdf, 1990, 19, 1c66185d-ba9f-4807-958a-546394d88445
z:\hap\1990\16\126.pdf, 1990, 16, d0e525c4-1b3f-4ce5-b940-111f4c93be88
z:\hap\1990\17\531.pdf, 1990, 17, 27f009de-9893-4542-951d-9cba65d34c85
z:\hap\1990\14\348.pdf, 1990, 14, 43b858ee-dddb-4300-b2bb-a715f21a5cd2
z:\hap\1993\32\34.pdf, 1993, 32, edf1cbe0-1b72-44c7-b3d8-0d9baf351f9f
z:\hap\1990\12\241.pdf, 1990, 12, 7a360faa-417f-4919-b269-55bc0b5984f8
z:\hap\1990\13\297.pdf, 1990, 13, 4c72f388-c711-4ff5-91f0-3b633c8b75ef
z:\hap\1990\10\166.pdf, 1990, 10, 408df200-7450-4ab8-b467-a8dfc58e52a4
z:\hap\1990\11\206.pdf, 1990, 11, ee747322-1562-471b-a293-e7f51ef338bd
z:\hap\1993\35\100.pdf, 1993, 35, 65f73a23-cfaa-4d59-bb66-43332cdbe7e8
z:\hap\1983\4\26.pdf, 1983, 4, d3443694-80f6-414c-bc34-22889abed884
z:\hap\1993\37\67.pdf, 1993, 37, 0bbe1004-0669-42a0-ae25-1548672906e6
z:\hap\1993\36\78.pdf, 1993, 36, 02cf6e34-3ba1-414e-b972-d7f7911e2489
z:\hap\1993\31\205.pdf, 1993, 31, d0c07b35-acec-4acc-a1ad-4bb67ea2e26b
z:\hap\1977\4\100.pdf, 1977, 4, d23c17a6-4e00-435f-8e89-f40b840c4237
z:\hap\1977\7\190.pdf, 1977, 7, e576642f-656f-4bcc-8487-d7828bae5377
z:\hap\1977\6\156.pdf, 1977, 6, 093b564f-ab9f-4a06-bea3-9779dbc2cf51
z:\hap\1977\9\36.pdf, 1977, 9, 50704b20-af89-4c07-a66d-41de174bfb1f
z:\hap\1977\8\10.pdf, 1977, 8, 8722c2f6-becd-45f8-9c81-dbe6d0bd3900
z:\hap\1983\6\148.pdf, 1983, 6, 952836d1-90cd-48e8-a81a-1df182a9c5ab
z:\hap\1983\7\172.pdf, 1983, 7, 85f31d56-8990-4fea-b279-bdcde927bdb4
z:\hap\1983\1\49.pdf, 1983, 1, 2af9db8b-ffe3-4491-95fd-137848bd030d
z:\hap\1983\2\61.pdf, 1983, 2, 91a1a82e-5c57-469c-826a-10c2d62cb246
z:\hap\1983\3\72.pdf, 1983, 3, 3fb8f1ed-8ddd-485e-9a24-e0f4c85ee310
z:\hap\1987\24\1390.pdf, 1987, 24, 3560f31d-ddc9-4386-a085-5d9e78039e71
z:\hap\1973\5\75.pdf, 1973, 5, 375cfebc-bdb8-4505-b8d0-75e78d5a8d45
z:\hap\1973\4\49.pdf, 1973, 4, a6cae310-e7be-467a-bdc4-22371f649f06
z:\hap\1973\7\117.pdf, 1973, 7, 8a88a61c-5a09-4dd4-be71-5553c46a2d0b
z:\hap\1973\6\100.pdf, 1973, 6, 895bf358-7298-4a09-914c-819e7e04e265
z:\hap\1973\1\1.pdf, 1973, 1, b32caf66-3c36-4f25-88c4-dab1c32fbd21
z:\hap\1973\3\28.pdf, 1973, 3, 91e9933a-40b2-486b-a46f-ebb7b444c388
z:\hap\1973\2\13.pdf, 1973, 2, 2cb1793e-7cde-4cfd-8ead-9273f9b098bc
z:\hap\1965\85\1.pdf, 1965, 85, a10ec7ea-445f-4bab-bda8-9e56bd48f8f9
z:\hap\1965\84\10.pdf, 1965, 84, 61681fe2-5203-490a-ab71-135c2a7f7bd1
z:\hap\1973\9\21.pdf, 1973, 9, 9093bbec-f511-4c75-ab36-03e708487011
z:\hap\1973\8\1.pdf, 1973, 8, 501d0c3c-40d7-4a3d-b732-fecc944c3b3c
z:\hap\1981\30\27.pdf, 1981, 30, ec30455e-d995-40e5-a03c-08789e610109
z:\hap\1997\3\100.pdf, 1997, 3, c2200e09-ab51-44fa-80ef-3fb041a533c7
z:\hap\1997\2\20.pdf, 1997, 2, a4575923-03fd-4f73-9a4f-fe13c2210de5
z:\hap\1997\1\10.pdf, 1997, 1, ef63e768-ccd5-4569-9846-e3319b0378ce
z:\hap\1997\7\1.pdf, 1997, 7, 7312b7b0-17ca-47c9-9d23-f4106bd00233
z:\hap\1997\6\185.pdf, 1997, 6, f28c5cbb-39ff-436e-bfcf-745d8d74a45f
z:\hap\1997\5\150.pdf, 1997, 5, 2c0cc22a-e4c1-4401-85f8-bac5747d2c69
z:\hap\1997\4\122.pdf, 1997, 4, 21e24dc9-91cc-4903-b17c-4639958f6bcb
z:\hap\1997\9\55.pdf, 1997, 9, f00095bc-49a5-4f4f-9981-037d2c0e82da
z:\hap\1997\8\27.pdf, 1997, 8, f6e14ab7-bdee-4c6c-a915-dfd2ad828582
z:\hap\1981\6\803.pdf, 1981, 6, 64fc18fc-ce9c-4bf9-9412-5a0e9c234ee2
z:\hap\1981\7\10.pdf, 1981, 7, 9868efa5-46b0-4081-8813-0e409aa55600
z:\hap\1981\4\732.pdf, 1981, 4, fb4eaeb8-f7f9-411c-a359-dcad987f9b32
z:\hap\1981\5\751.pdf, 1981, 5, cbde0a43-f04b-4716-9c64-61fc7db0d93a
z:\hap\1981\2\704.pdf, 1981, 2, ec1ccfdf-121a-42c0-a130-fa43105c55c0
z:\hap\1981\3\715.pdf, 1981, 3, d298ca65-f72a-4ac6-acc7-3a72e9392dbd
z:\hap\1981\1\695.pdf, 1981, 1, 767814bd-b8bb-4095-a960-8179d4aeb4c9
z:\hap\1981\8\30.pdf, 1981, 8, bb0aa372-2758-4532-ac33-bebc0814947a
z:\hap\1981\9\62.pdf, 1981, 9, 941611df-d203-4056-a5ac-b24603299a2d
z:\hap\1987\8\7964.pdf, 1987, 8, 685d5345-f140-4bd3-ab8e-79f62cb0388c
z:\hap\1987\9\7931.pdf, 1987, 9, b435899b-da33-4985-97b2-18be816d9b89
z:\hap\1987\1\8029.pdf, 1987, 1, f389465c-0bfc-4c92-856e-bb4d4d755cef
z:\hap\1987\2\8740.pdf, 1987, 2, acc11c9f-c046-4191-b626-b72cea33d288
z:\hap\1987\3\8110.pdf, 1987, 3, 507a45d0-669c-4b55-bc31-94c792f2c962
z:\hap\1987\4\8147.pdf, 1987, 4, 2c02ed22-c44d-45ad-827e-454314b7803e
z:\hap\1987\5\8166.pdf, 1987, 5, e7f844d7-2a55-4794-a7d8-9aeba1a269e6
z:\hap\1987\6\8124.pdf, 1987, 6, 330fbfb4-092c-4edb-bab7-3a6df0410763
z:\hap\1987\7\7997.pdf, 1987, 7, 5e668d1c-ee44-477b-a70b-bc6cf47ba5a9
z:\hap\1984\16\4973.pdf, 1984, 16, 461380d0-3964-4ddf-8783-8578e08860b0
z:\hap\1990\21\765.pdf, 1990, 21, a0cf03da-07f0-481a-8eba-135de66175ac
z:\hap\1983\29\189.pdf, 1983, 29, 148479f9-b648-4c96-b333-c12b4d80c4d3
z:\hap\1978\14\100.pdf, 1978, 14, d4014fea-e539-42df-b274-316d0e4d3401
z:\hap\1978\15\13.pdf, 1978, 15, 9c175292-e8f0-4d2b-8552-7f79e1f958aa
z:\hap\1978\16\100.pdf, 1978, 16, b312425e-39c8-486e-b6d0-74a0700ab064
z:\hap\1978\17\10.pdf, 1978, 17, 52f60f86-cfec-4fae-8152-5b3164107037
z:\hap\1978\10\145.pdf, 1978, 10, 95e57082-0a21-478a-b5c3-9453cde2c8b9
z:\hap\1978\11\183.pdf, 1978, 11, dce9bbc9-2411-4353-9e6c-7aff8a655317
z:\hap\1978\12\224.pdf, 1978, 12, 195e9e2d-c449-4ee7-8889-e3aeac666539
z:\hap\1978\13\10.pdf, 1978, 13, 64b5a945-2015-4885-83db-4d3a5ae8f768
z:\hap\1978\18\100.pdf, 1978, 18, bb55359f-5889-41db-9bea-caf3b76445d3
z:\hap\1978\19\113.pdf, 1978, 19, a327c902-6597-42bf-9151-0d95d85b848f
z:\hap\1951\11\5160.pdf, 1951, 11, d5f150bb-da41-41ed-bad7-f5bf728998e3
z:\hap\1951\10\5130.pdf, 1951, 10, 4963be9d-099b-4a15-886d-2a8883b0b474
z:\hap\1961\20\100.pdf, 1961, 20, 8bd5e9c8-3017-4510-9a66-6788d4051003
z:\hap\1985\2\100.pdf, 1985, 2, 0cfa338a-4922-422d-84a8-82d4a715a3dc
z:\hap\1985\3\72.pdf, 1985, 3, 75dae594-72b1-4f29-8c2b-8bdf4b758cc6
z:\hap\1985\1\106.pdf, 1985, 1, 3d8d8d8e-d5e5-4f3d-900e-a0aa0172cc3f
z:\hap\1985\6\164.pdf, 1985, 6, d1cf8f64-6025-4ca0-b26c-bf3142c3add8
z:\hap\1985\7\138.pdf, 1985, 7, 5c7568ae-fa70-4937-9780-e2be53203162
z:\hap\1985\4\116.pdf, 1985, 4, eec6b82a-b1d0-4bc3-8989-42f6628e71e5
z:\hap\1985\5\188.pdf, 1985, 5, 5aecad34-8df7-43bc-aad3-660ab353488c
z:\hap\1980\48\205.pdf, 1980, 48, e637c6af-6be9-4764-a5a7-1f1f882ad084
z:\hap\1980\49\12.pdf, 1980, 49, 95c5c630-b141-4ee4-9f5f-586a98e35551
z:\hap\1985\8\10.pdf, 1985, 8, 6d1f48a6-8c2e-4fe6-b9de-2ae456f7958c
z:\hap\1985\9\34.pdf, 1985, 9, 29d20d11-a07b-48b4-940d-59e8b5860be5
z:\hap\1979\14\663.pdf, 1979, 14, d34a41b2-e825-4c21-9977-06743104a7eb
z:\hap\1985\29\194.pdf, 1985, 29, 320d6203-5ea6-4191-b1db-1b2bc61339b8
z:\hap\1985\28\188.pdf, 1985, 28, fcf042a5-d609-42d9-b6a2-98606d3bd0b2
z:\hap\1985\21\120.pdf, 1985, 21, 490c8362-2784-4c9d-9a20-8605f8109b70
z:\hap\1985\20\141.pdf, 1985, 20, 65a56135-b0c8-494b-8e32-527d213cf444
z:\hap\1985\23\100.pdf, 1985, 23, ed6b8305-308a-4a35-8487-301b9929aa1f
z:\hap\1985\22\10.pdf, 1985, 22, a7da4f25-2e4b-41ea-9159-c9abbb158949
z:\hap\1985\25\42.pdf, 1985, 25, a5b74832-0e49-491e-b2c1-ea5b62ddd48a
z:\hap\1985\24\60.pdf, 1985, 24, 7e2b091d-42fe-4009-9004-59273e6a0ab7
z:\hap\1985\27\1.pdf, 1985, 27, 3f25dcb0-8d24-4fea-a482-1cbe1d0a6e5a
z:\hap\1985\26\104.pdf, 1985, 26, c3eff40d-cc55-4073-8cac-c7b808ba26b6
z:\hap\1977\20\159.pdf, 1977, 20, baad28fd-0b39-43d7-9129-6605e44dd591
z:\hap\1977\21\10.pdf, 1977, 21, ba48177d-d170-4426-b394-80585e57c8cd
z:\hap\1977\22\47.pdf, 1977, 22, 5c4a8efd-b2c8-44df-9812-38b34cc592f9
z:\hap\1977\23\100.pdf, 1977, 23, 6be45b2b-500f-4c3a-8e63-d699f282ab77
z:\hap\1958\4\5035.pdf, 1958, 4, a2105935-cc21-4edf-9f57-ca1e9ff9c0ee
z:\hap\1977\25\10.pdf, 1977, 25, 9af50696-d611-4f47-8a71-6c5d563f0536
z:\hap\1958\6\5004.pdf, 1958, 6, 0a9a8c55-f887-4fb7-8e9d-6d5122264857
z:\hap\1977\27\47.pdf, 1977, 27, f40fceb3-bb7d-474d-9784-73b6383a1140
z:\hap\1977\28\100.pdf, 1977, 28, 2514f2ed-2d0e-4fbf-b629-9ab6d4c9876e
z:\hap\1958\9\5079.pdf, 1958, 9, 19db1a2a-ee6e-40ae-bd36-6e060e20b272
z:\hap\1972\8\10.pdf, 1972, 8, 6fd26b9f-1f18-4a95-9657-eebdc7e25d89
z:\hap\1972\9\44.pdf, 1972, 9, ad28273d-7c38-4b72-889e-c2b7697e2376
z:\hap\1972\4\40.pdf, 1972, 4, cfc542a8-c953-4a9e-9623-70a5816a676c
z:\hap\1972\5\10.pdf, 1972, 5, 0ecd4765-7b74-4fae-a394-a0d44b2cd564
z:\hap\1972\6\100.pdf, 1972, 6, 78145011-3c9c-4338-b751-d2e009910f41
z:\hap\1972\7\83.pdf, 1972, 7, 0f35572f-4e97-469c-a1d1-e3043395275b
z:\hap\1972\1\85.pdf, 1972, 1, 7d12883a-3cc6-4c22-a672-eea551e465ce
z:\hap\1972\2\60.pdf, 1972, 2, 065ef255-0486-40d7-a05d-eadcf894f9e7
z:\hap\1972\3\24.pdf, 1972, 3, f18b7a3c-5612-4dc3-99ec-f9ed210f8853
z:\hap\1979\19\117.pdf, 1979, 19, a6208ef8-467d-4c11-9f8c-e36e91e014d5
z:\hap\1979\18\100.pdf, 1979, 18, fa844d4b-6dd7-48b0-a951-72d198c1a541
z:\hap\1983\18\130.pdf, 1983, 18, b97c1f92-373c-458f-84b5-387d14a27f06
z:\hap\1983\19\10.pdf, 1983, 19, b6ab4acb-ab34-45e2-bc4e-0162f51547c7
z:\hap\1983\16\1.pdf, 1983, 16, 6798d8d9-986c-4a35-a36c-cfed11bd558e
z:\hap\1983\17\100.pdf, 1983, 17, c8de05ac-52b3-4c40-9ae4-bb1b26379805
z:\hap\1983\14\100.pdf, 1983, 14, dcd0f9fd-5397-4b3e-8c2c-31ba01a8e59c
z:\hap\1979\10\505.pdf, 1979, 10, 5d9f4370-72a4-4e40-9ace-372fc4f1eaa9
z:\hap\1979\17\1.pdf, 1979, 17, 162ab058-2c77-4632-8fd4-6be1f85ad550
z:\hap\1983\13\1.pdf, 1983, 13, 103637db-8dd4-4fb3-99d4-e45d5238d913
z:\hap\1983\10\47.pdf, 1983, 10, 6cd2e09c-0dc6-4dd4-b3dc-1d5b8f3d0d5e
z:\hap\1983\11\100.pdf, 1983, 11, 5b9832b0-bad2-459c-98a8-e41c9c20dc9d
z:\hap\1991\5\299.pdf, 1991, 5, b71ab212-4178-4f50-9b08-ee05040e5df9
z:\hap\1991\4\375.pdf, 1991, 4, af756bcd-3f56-47ea-bb98-92fdd687280a
z:\hap\1991\7\320.pdf, 1991, 7, ff9aa536-426a-4cc4-956a-6091ede91c59
z:\hap\1991\6\852.pdf, 1991, 6, 8520f4fe-3e37-4a6e-97d5-79373c77eb74
z:\hap\1991\1\277.pdf, 1991, 1, 34adcf78-cab7-4c21-abb9-b414fc4ef6de
z:\hap\1980\30\120.pdf, 1980, 30, a9c77097-3a20-4069-92fa-703ff2b3b70d
z:\hap\1991\3\733.pdf, 1991, 3, e575b74f-afb1-417e-8628-d0fecc8a1b39
z:\hap\1991\2\759.pdf, 1991, 2, 9cbaf2f1-4206-4cf4-ab85-04793b7b290c
z:\hap\1991\9\347.pdf, 1991, 9, c4f4db2a-1924-4000-9746-3da92bc8409a
z:\hap\1991\8\875.pdf, 1991, 8, 325bda7a-eb86-453b-af7e-82f86315d198
z:\hap\1968\20\7824.pdf, 1968, 20, 25594d19-27d8-44d6-aba4-1a11d4a19105
z:\hap\1968\21\7853.pdf, 1968, 21, 05ae98af-420d-4705-889c-d7daed0094da
z:\hap\1968\22\9606.pdf, 1968, 22, b5e44461-aea9-4e19-a7fb-acc7d0916d60
z:\hap\1968\23\10.pdf, 1968, 23, 64d5e55c-6fb3-44be-81d3-294c7f7de5d0
z:\hap\1968\24\7970.pdf, 1968, 24, 3b1ce22a-8043-41cd-bd5d-38e8776dc187
z:\hap\1968\25\8197.pdf, 1968, 25, b9c6e33e-b616-4bd9-83ec-19382e566187
z:\hap\1968\26\7670.pdf, 1968, 26, dd808931-ff71-4292-b81d-a52ede3b5ca3
z:\hap\1968\27\7649.pdf, 1968, 27, cc72dce3-3a03-43aa-92bc-cd43dc93851c
z:\hap\1968\28\9380.pdf, 1968, 28, f1d37cea-c969-477d-974c-2efc196d490d
z:\hap\1968\29\7584.pdf, 1968, 29, 9ceb932d-1e29-4732-9253-96d512eb3bd8
z:\hap\1995\40\168.pdf, 1995, 40, c1b7061f-8d0c-4c1f-95cc-d447f0a7af0d
z:\hap\1995\41\183.pdf, 1995, 41, 28bb79c6-fa8a-45df-8cad-22647e03b80b
z:\hap\1979\13\623.pdf, 1979, 13, 881c383f-e060-4d9e-8918-fc4772f1a52c
z:\hap\1984\27\4515.pdf, 1984, 27, daf0da94-bf0e-40cf-b2dd-39c275e4ce28
z:\hap\1973\14\114.pdf, 1973, 14, 66226b5b-f57d-41ca-9706-3bd0f426efac
z:\hap\1973\11\100.pdf, 1973, 11, bac1a153-78ed-445c-a6cd-d32c883e6372
z:\hap\1973\10\64.pdf, 1973, 10, f3e2cce5-331a-4735-94d8-9ca3c9b0eaa2
z:\hap\1973\13\100.pdf, 1973, 13, 70fa68d6-bc22-4cfd-84e6-f6bdb558f585
z:\hap\1973\12\117.pdf, 1973, 12, 476344dd-c2c4-43b7-a7a3-a16d88c3c421
z:\hap\1952\2\5047.pdf, 1952, 2, 139ca3a6-0cca-4f90-8a4a-3053b3953458
z:\hap\1952\3\5076.pdf, 1952, 3, fcc57f09-5bd4-46d9-a2eb-52eb3f0cfe6e
z:\hap\1952\1\5011.pdf, 1952, 1, ecc3ea57-ee2f-4831-a1c5-1b79a9c06fae
z:\hap\1952\4\5094.pdf, 1952, 4, 6994a843-7038-48ca-8c14-f3aa236827e9
z:\hap\1952\5\5038.pdf, 1952, 5, 17702467-d5c4-406b-b521-1aabb907c876
z:\hap\1979\12\587.pdf, 1979, 12, be286962-5618-4831-bb2c-27f9b3033fe6
z:\hap\1991\31\415.pdf, 1991, 31, 29f47031-1dbf-4e8a-a78e-ba84255bd6bc
z:\hap\1995\1\1.pdf, 1995, 1, 94fd0d63-7d0c-4301-979d-1de9f577b873
z:\hap\1979\26\293.pdf, 1979, 26, 6013915c-dd89-470f-9864-05821da033d3
z:\hap\1995\3\10.pdf, 1995, 3, a9819180-35ae-42fa-a10d-c48be766e831
z:\hap\1995\2\34.pdf, 1995, 2, 491da936-82f8-45f8-bde2-41be9242f671
z:\hap\1995\5\45.pdf, 1995, 5, 62c70a7d-3e0f-4d97-9c13-7e382253d1a4
z:\hap\1995\4\25.pdf, 1995, 4, 92fb7e57-c322-43cb-8733-bae172be3f5c
z:\hap\1995\7\100.pdf, 1995, 7, a045588d-ad31-4c3f-bd87-7ec2d5bbd48c
z:\hap\1995\6\70.pdf, 1995, 6, 69187fe7-c427-405b-b8f1-158962c5285c
z:\hap\1995\9\161.pdf, 1995, 9, 8a5b7fe3-7f7a-488e-9ed1-1a96233783a6
z:\hap\1995\8\125.pdf, 1995, 8, bf85efc5-cba4-492d-a2f6-633096c90dee
z:\hap\1979\24\380.pdf, 1979, 24, 8d3bfbe5-c62c-4dc1-9205-5449057ab808
z:\hap\1991\36\461.pdf, 1991, 36, 619dea0f-d9cf-47d7-bb5d-1f5af4b0d7ad
z:\hap\1979\25\337.pdf, 1979, 25, 7ec19259-d4c9-4fab-aa87-f3ad716654b1
z:\hap\1991\35\446.pdf, 1991, 35, 3a701e98-12c1-4372-84ab-5f0eef73abb0
z:\hap\1975\22\100.pdf, 1975, 22, d3783349-8d94-41e4-b80e-4ada1b45aeea
z:\hap\1975\23\123.pdf, 1975, 23, c9c159b4-7466-47c0-85f0-487541ffa9f8
z:\hap\1975\20\34.pdf, 1975, 20, 82960128-8929-4923-b000-0c3d508a998c
z:\hap\1975\21\64.pdf, 1975, 21, 12a8d5db-761a-4237-aefd-0e51715dc65d
z:\hap\1975\24\68.pdf, 1975, 24, be541021-8957-4fcd-ab13-a393ca00d4c2
z:\hap\1975\25\100.pdf, 1975, 25, 8f72a6c9-0662-4115-90de-dbfb37caf485
z:\hap\1979\20\161.pdf, 1979, 20, d080831a-5ae3-4987-84fc-47f13f42a992
z:\hap\1979\21\234.pdf, 1979, 21, f00469ae-ec33-40ae-9e07-64e566a30908
z:\hap\1978\29\115.pdf, 1978, 29, ec6b79d3-5295-4d21-8f5d-ed59ef41b6e6
z:\hap\1978\28\100.pdf, 1978, 28, f2c4e003-84b3-4f4c-8b4b-bc793052baea
z:\hap\1978\25\124.pdf, 1978, 25, 984b3b70-da13-48dc-81fe-79f733f21bfa
z:\hap\1978\24\166.pdf, 1978, 24, d4e8b245-0f95-437c-ad2f-72bb75a5c765
z:\hap\1978\27\10.pdf, 1978, 27, f30844cb-8b26-4f61-88f9-32c0841b94fd
z:\hap\1978\26\183.pdf, 1978, 26, 1027c9b0-1497-4b20-b29c-d4d2de6104f0
z:\hap\1978\21\10.pdf, 1978, 21, 1d21d2c7-0dd4-4358-888b-f97c75e21e73
z:\hap\1978\20\176.pdf, 1978, 20, 178778fa-1017-4c27-aedd-da0c3d0439ba
z:\hap\1978\23\110.pdf, 1978, 23, 78445487-a08a-4a60-bf4a-284e3424f446
z:\hap\1978\22\100.pdf, 1978, 22, a882be79-cccd-4a91-97ca-a683c88bc6e9
z:\hap\1993\30\201.pdf, 1993, 30, 63be7fc8-dd7f-4318-bdf2-1eaec3e13aae
z:\hap\1995\23\164.pdf, 1995, 23, 32e2add7-d003-48fe-9352-7964207c4de2
z:\hap\1983\30\202.pdf, 1983, 30, b99be2b0-cf9c-4216-9084-6031857f5cd6
z:\hap\1991\34\477.pdf, 1991, 34, 3d2cd008-af33-4a9f-aaa9-f7c5abd71bbc
z:\hap\1978\26E\205.pdf, 1978, 26E, 6591ffb8-1127-4fbf-96ab-00a7bcf6ba81
z:\hap\1990\29\70.pdf, 1990, 29, dd0628ab-02f8-466d-b8a9-79112a1bf630
z:\hap\1978\8\10.pdf, 1978, 8, 0570f282-39cb-4766-9547-86b617ae37c5
z:\hap\1978\9\109.pdf, 1978, 9, 998ebac8-7783-4e3b-932a-0f4b7b5e7ca5
z:\hap\1978\6\114.pdf, 1978, 6, 698142da-940c-4ac7-88e4-c226e12bace1
z:\hap\1978\7\181.pdf, 1978, 7, 5384451f-184c-402a-8220-20eb249f1a82
z:\hap\1978\4\10.pdf, 1978, 4, 1350127d-898f-4c60-a327-91ab57c0ce41
z:\hap\1978\5\64.pdf, 1978, 5, 7ff72b99-5607-477d-bd37-2e5a3e635910
z:\hap\1990\27\31.pdf, 1990, 27, 10ec02c9-4b86-4669-aa93-a8f88cc563fc
z:\hap\1990\26\10.pdf, 1990, 26, 23d1dba9-5688-4776-a005-8c5a3edf2a7b
z:\hap\1990\25\347.pdf, 1990, 25, 2fb3b52b-6f07-405a-81cb-986f6449ce88
z:\hap\1978\1\174.pdf, 1978, 1, b9cb7061-daf6-4c1b-9838-9ba0e69fb3b9
z:\hap\1993\26\100.pdf, 1993, 26, 05f1671a-5d0a-4f2c-9a46-a33dfd1f3016
z:\hap\1993\27\139.pdf, 1993, 27, cafcf234-c2d0-48c2-8dee-dd09921ca6ce
z:\hap\1993\24\41.pdf, 1993, 24, 4e28d868-fe22-48ab-bd38-3998e5b0c730
z:\hap\1993\25\129.pdf, 1993, 25, 57658d3c-94b0-49b4-a0c9-6e659640f501
z:\hap\1990\8\103.pdf, 1990, 8, 84c64dfc-867d-4fb9-89cd-8a447abf77da
z:\hap\1990\9\134.pdf, 1990, 9, 81518695-831f-41cf-9b33-2cb1c648a8e2
z:\hap\1993\20\135.pdf, 1993, 20, 09082ec8-5baa-4ed1-b6dd-dd453ca22efd
z:\hap\1993\21\100.pdf, 1993, 21, d6470396-b4dc-4a35-8aa0-27be2a3faad3
z:\hap\1990\4\205.pdf, 1990, 4, 33952d30-3071-472f-9ad7-0a6e6a1471b9
z:\hap\1990\5\185.pdf, 1990, 5, 71a272a8-f4b3-44d8-9cad-b944ad4a93fc
z:\hap\1990\6\38.pdf, 1990, 6, a555417d-0552-4e01-b3f2-233e5e380484
z:\hap\1990\7\100.pdf, 1990, 7, 6cc64531-da11-4af1-99af-2ef73cfdb5d6
z:\hap\1990\1\247.pdf, 1990, 1, b2660c0d-84f4-49a2-b689-8c336073c315
z:\hap\1993\28\172.pdf, 1993, 28, 4c052ca5-c36d-4f97-9b59-82f62cb44160
z:\hap\1990\3\222.pdf, 1990, 3, 2d21b93a-58e0-47e7-a263-aeffbcab64d6
z:\hap\1977\19\113.pdf, 1977, 19, cec9ca5c-23ec-43ad-a97b-2c1310ae423c
z:\hap\1977\18\1.pdf, 1977, 18, f5ddb82e-791a-4983-941c-f4dac8c55bc6
z:\hap\1977\11\126.pdf, 1977, 11, 2fedb022-6298-45f8-bf47-4f2f75484c6d
z:\hap\1977\10\100.pdf, 1977, 10, 24b4a3aa-1ae2-40e5-8e82-0eae46b01227
z:\hap\1977\13\100.pdf, 1977, 13, 814240fb-d22c-420b-8005-99ddce8b604f
z:\hap\1977\12\161.pdf, 1977, 12, ff625353-2c2a-43c4-96d7-e601e03696db
z:\hap\1977\15\10.pdf, 1977, 15, 1405eabc-457b-4624-ad99-c7a77fe69b39
z:\hap\1977\14\154.pdf, 1977, 14, 1076a36b-86a2-4ce4-9482-b4cddc990ecb
z:\hap\1977\17\100.pdf, 1977, 17, a581a9c6-bdf4-4fa1-b26a-b8d69207a158
z:\hap\1977\16\100.pdf, 1977, 16, 8091eb4b-e076-4572-b944-d53f86caebc3
z:\hap\1987\29\1270.pdf, 1987, 29, 41935c24-8f89-420e-a209-cacf96e74a6f
z:\hap\1987\28\1281.pdf, 1987, 28, 41a30c10-e0c8-4dbb-8fb5-6ec5a253106f
z:\hap\1987\25\1350.pdf, 1987, 25, accd365c-deb0-4add-8989-2844427d7f87
z:\hap\1968\19\7771.pdf, 1968, 19, 04fbce13-95fe-411d-9931-dbaedb762c3f
z:\hap\1968\18\9791.pdf, 1968, 18, f6b9455e-bbc9-4e7b-a62c-39309ad70138
z:\hap\1955\3\5001.pdf, 1955, 3, 66b75f04-c830-49df-ae86-9916490fb6e1
z:\hap\1968\11\9564.pdf, 1968, 11, 5899f233-892b-4b92-9bc5-d3ab940844a9
z:\hap\1968\10\8728.pdf, 1968, 10, 8082cfd8-838a-4bd8-95b4-9322ba3ed0d4
z:\hap\1968\13\9743.pdf, 1968, 13, cc5992c0-c15e-4fa4-a54a-d2aeed7ffa4d
z:\hap\1968\12\8366.pdf, 1968, 12, 7861d519-2834-4aeb-968c-7623c16a223e
z:\hap\1968\15\8274.pdf, 1968, 15, c7243a34-4da2-42b8-8c4f-4ebbae974f31
z:\hap\1968\14\8307.pdf, 1968, 14, eda63033-7611-4d5d-bcf9-72821c42733a
z:\hap\1968\17\7735.pdf, 1968, 17, 2fbe5c4c-6879-4a28-9b6e-6bcbf8d4e49b
z:\hap\1968\16\8238.pdf, 1968, 16, 320a5ec1-0c5e-4340-b442-70987eec23d9
z:\hap\1968\1\8503.pdf, 1968, 1, 6a49794e-162a-4d4e-b7f4-be003f7e41d9
z:\hap\1968\3\9425.pdf, 1968, 3, 4c70a1e1-d12b-4848-9494-cc0df5bbdc9f
z:\hap\1968\2\8545.pdf, 1968, 2, d18ca212-50ba-412d-aaf3-4a8bffe28d12
z:\hap\1968\5\9700.pdf, 1968, 5, 90212b07-1128-405d-9748-eae9f08fbe9d
z:\hap\1968\4\9465.pdf, 1968, 4, e887b7c9-4ac6-4760-a2be-0d61c5e5e8c4
z:\hap\1968\7\8601.pdf, 1968, 7, 9a69bcd8-c7e3-456a-948a-431f6aa20594
z:\hap\1968\6\9654.pdf, 1968, 6, acd65deb-1c34-49dd-9e80-2765bd4fe882
z:\hap\1968\9\8688.pdf, 1968, 9, 3e7b6d53-8dcc-4ca6-88ce-eee236835500
z:\hap\1968\8\8648.pdf, 1968, 8, 8bfc5d13-f84f-4026-a39a-0ed35c286e1f
z:\hap\1984\3\2164.pdf, 1984, 3, 23daf4a1-10a2-45cf-8dc0-4ac915ae751c
z:\hap\1984\2\5432.pdf, 1984, 2, bf144e4d-79e6-4d3e-8779-49cb08c65ecf
z:\hap\1984\1\5444.pdf, 1984, 1, d8a65f06-54fe-4666-9faa-273ecaf9d57a
z:\hap\1984\7\4757.pdf, 1984, 7, 48cdbae6-ac0a-4057-9028-14a5cc885bac
z:\hap\1984\6\2432.pdf, 1984, 6, c38d067c-0906-46ac-a98a-0e7a3e6b9d4a
z:\hap\1984\5\2411.pdf, 1984, 5, 9f9ac15d-d3a7-4661-b809-384d7231d332
z:\hap\1984\4\2392.pdf, 1984, 4, 28cd9203-a194-4cbf-be78-1e39284e873e
z:\hap\1984\9\4815.pdf, 1984, 9, 59e3c150-04d4-4c57-9230-bacc42178db3
z:\hap\1984\8\4783.pdf, 1984, 8, 29aa546a-c1a9-41ab-b1f5-572d8c9e8f99
z:\hap\1988\13\6317.pdf, 1988, 13, e810e825-94b7-4bcb-b046-de8d1d197d39
z:\hap\1988\12\6364.pdf, 1988, 12, 3734b5c2-d90c-4712-9818-69115a2ea4d0
z:\hap\1988\11\6450.pdf, 1988, 11, 93d5ee4b-0633-4fe0-9531-89c1cfe5f2e4
z:\hap\1988\10\6488.pdf, 1988, 10, bbd9ff4d-eb4a-450b-8ce3-6b203914eaa8
z:\hap\1988\14\6268.pdf, 1988, 14, 7d402c4f-9841-4030-96ee-296e42281118
z:\hap\1986\10\158.pdf, 1986, 10, f80624ec-613d-45e1-b035-7bdf72327f3d
z:\hap\1955\10\5118.pdf, 1955, 10, 5e43e73b-b51c-4d5f-8d91-768ec5f47592
z:\hap\1989\29\23.pdf, 1989, 29, 77cca356-9105-428e-9388-ca96a8dc5c87
z:\hap\1989\28\44.pdf, 1989, 28, 917131f6-e510-4159-a8a5-cdd10500224a
z:\hap\1989\25\1.pdf, 1989, 25, 13d5f0cd-2e93-4dd6-856c-213a367b31cd
z:\hap\1989\24\30.pdf, 1989, 24, 6e92e989-d043-4e67-823d-30790fcd4694
z:\hap\1985\30\201.pdf, 1985, 30, f03279a1-468a-4a55-9e10-eff16d00d5ec
z:\hap\1986\16\112.pdf, 1986, 16, d160bdb8-0b4c-4452-8bef-0b63371e3da9
z:\hap\1989\21\123.pdf, 1989, 21, 9ef30b45-491d-47c8-afdf-85e1b96a3a68
z:\hap\1989\20\157.pdf, 1989, 20, 000b3b38-fa2c-4a87-9f8c-b844d6c1d9ec
z:\hap\1989\23\59.pdf, 1989, 23, 22b9e220-b90f-4206-b798-7dc97ee983c8
z:\hap\1989\22\100.pdf, 1989, 22, 3edd27f9-0598-4318-a1da-a6d522c5f961
z:\hap\1995\10\193.pdf, 1995, 10, 8e6c1440-6477-430e-bbd9-4a2713243f3d
z:\hap\1984\30\4870.pdf, 1984, 30, cc947c41-a48c-46e6-97f3-b9c640192ac8
z:\hap\1995\37\53.pdf, 1995, 37, 3fb0e51d-3023-461c-86e2-a41a33029d60
z:\hap\1995\36\39.pdf, 1995, 36, b89ce644-6449-4993-84ce-df692b898b29
z:\hap\1995\35\26.pdf, 1995, 35, b55cc935-02e5-4e7b-a8c4-d7897b8bebf7
z:\hap\1995\34\13.pdf, 1995, 34, 01b67835-7ef7-4877-adfb-20a031e0949a
z:\hap\1995\33\1.pdf, 1995, 33, 5cae9b8d-cb85-4672-970a-6731e30aa508
z:\hap\1995\32\117.pdf, 1995, 32, 9cdc1c4d-39b7-416f-b895-d6af61d62d5b
z:\hap\1995\31\100.pdf, 1995, 31, 7793e76c-d0ef-4e45-92ee-4559e279549b
z:\hap\1995\30\80.pdf, 1995, 30, 15dc5ff5-49ae-49e8-961e-fab5b2eb16e6
z:\hap\1983\23\185.pdf, 1983, 23, d0a7a131-1dc1-457a-8442-56aff7d50250
z:\hap\1983\22\142.pdf, 1983, 22, f84a16c2-62bf-4898-b370-366c6151ebbb
z:\hap\1983\21\100.pdf, 1983, 21, 6bb0d6ae-6c36-4863-9d85-a0cfc2bf6de7
z:\hap\1983\20\171.pdf, 1983, 20, 04e6bdf8-05b6-4aac-89fe-00cbe586c06a
z:\hap\1983\27\192.pdf, 1983, 27, a1cf9d5d-a8ee-4cc4-8641-30a703515f8f
z:\hap\1981\27\823.pdf, 1981, 27, ce1059c6-a8dd-45ed-b48e-c35a65f6b3d1
z:\hap\1983\25\152.pdf, 1983, 25, b39972b8-7deb-4039-9e49-8b191295d74b
z:\hap\1995\38\66.pdf, 1995, 38, c58265f1-c76b-4f63-91c9-cd0289d3ceea
z:\hap\1980\26\203.pdf, 1980, 26, e4f9ab44-cb99-43ab-a535-45f1d2217b71
z:\hap\1980\27\79.pdf, 1980, 27, 52737e81-1ae7-4d03-8217-4ad9646c0ec8
z:\hap\1980\24\57.pdf, 1980, 24, 61f16ba3-7e3f-4799-a7d5-22f2db46e1fe
z:\hap\1980\25\182.pdf, 1980, 25, 9178e679-b571-42fd-aaac-58fc2582535f
z:\hap\1980\22\1.pdf, 1980, 22, 3c5575d0-33c5-4c26-90b1-10322ff52562
z:\hap\1980\23\34.pdf, 1980, 23, 396c309e-c7b4-469e-8793-31de9a7fc15f
z:\hap\1980\20\43.pdf, 1980, 20, c7dfa5da-ba53-451a-8798-9e4c73b8c2a4
z:\hap\1980\21\155.pdf, 1980, 21, 8ec51529-b9ca-450e-8689-26248badc319
z:\hap\1986\24\101.pdf, 1986, 24, 07c15f73-4379-49e1-a963-d6fda6ee4be8
z:\hap\1989\27\125.pdf, 1989, 27, f8e7e108-7908-4443-a5f7-2c4875400cd4
z:\hap\1980\28\100.pdf, 1980, 28, b2e9c620-13dc-43d7-8bd4-4b1410f056e4
z:\hap\1980\29\108.pdf, 1980, 29, 37276731-7966-48d9-bd87-575b21f84e42
z:\hap\1987\12\7781.pdf, 1987, 12, 12bd34dd-9294-4f1c-ad87-030030b39e34
z:\hap\1987\13\8333.pdf, 1987, 13, faba3918-4bfb-47dd-b68d-e0da533d4af2
z:\hap\1987\10\7896.pdf, 1987, 10, 0035870b-15ef-4bfb-a25a-891262be6991
z:\hap\1989\26\109.pdf, 1989, 26, ec132bc4-fb3c-4fe1-89ae-4b4b7ddbac6d
z:\hap\1987\16\1761.pdf, 1987, 16, d42e2b77-573f-4b2e-8095-56b1f8d4b303
z:\hap\1986\26\169.pdf, 1986, 26, 5ab268af-831f-4326-8891-1b9b7bf0781a
z:\hap\1987\14\7730.pdf, 1987, 14, 031a472d-7fb0-4777-bf9c-d197c6b810e1
z:\hap\1987\15\8380.pdf, 1987, 15, 861e02ff-c1a9-437f-ad5e-b4dbd29dbe44
z:\hap\1987\18\1814.pdf, 1987, 18, cc8138fc-b9ce-4d59-aa70-e30b5bb1ab50
z:\hap\1986\27\178.pdf, 1986, 27, 9d0915e5-962a-4ae6-b665-c95610480651
z:\hap\1981\25\774.pdf, 1981, 25, 56e596ac-5a97-409e-9c3c-0aadd7f82ded
z:\hap\1986\33\10.pdf, 1986, 33, 200fe2ec-c5b7-46ba-8437-9bf053e66a0f
z:\hap\1986\32\17.pdf, 1986, 32, 7f80fb49-bfbc-4ab9-bae3-5a877694c7c7
z:\hap\1986\31\180.pdf, 1986, 31, 4414f3b4-f42e-4508-92f3-c27b0cd4faaf
z:\hap\1986\30\137.pdf, 1986, 30, f1bfa9ef-076c-4dc1-af39-5724392d6c55
z:\hap\1981\24\757.pdf, 1981, 24, 500943e0-e0e9-4f87-a308-aa135a824fbe
z:\hap\1991\28\741.pdf, 1991, 28, cf99cac5-ced4-4569-b62d-290ec2c35d95
z:\hap\1991\29\771.pdf, 1991, 29, 750fae92-0f5e-4395-a412-3e4386f99b23
z:\hap\1991\24\410.pdf, 1991, 24, af2dd502-c729-4332-9749-21bb042a0097
z:\hap\1991\25\307.pdf, 1991, 25, 9d3b0bd2-fba6-42a0-8b53-51543b10210a
z:\hap\1991\26\290.pdf, 1991, 26, c0bfb8b5-64eb-4f70-a6d9-b70d8edb4faa
z:\hap\1991\27\324.pdf, 1991, 27, 9d8ea6de-15b6-49df-9518-f33278c7a3a9
z:\hap\1991\20\608.pdf, 1991, 20, db916abc-6170-4de8-b336-eaea934b0614
z:\hap\1991\21\225.pdf, 1991, 21, 2a4b5103-8f48-4fd1-b696-c69b98a7bac8
z:\hap\1991\22\648.pdf, 1991, 22, 327c843d-9421-41be-8172-3dc9b874d5ab
z:\hap\1991\23\259.pdf, 1991, 23, a03f7bbd-e0d1-4a13-86e7-ee29c4cfb349
z:\hap\1958\10\5006.pdf, 1958, 10, 04f77089-e953-49e5-b535-76a77fb8dac7
z:\hap\1975\17\4633.pdf, 1975, 17, 83c895e6-c813-4952-a3b2-feda0c92c79a
z:\hap\1975\16\4668.pdf, 1975, 16, 81406c02-b400-40fc-aee2-28ff2d78f17f
z:\hap\1975\15\4704.pdf, 1975, 15, 0719d209-9aba-42a9-b917-1c524b06a315
z:\hap\1975\14\4743.pdf, 1975, 14, 61868a26-87cd-4cd1-aa96-ed1f68822b21
z:\hap\1975\13\10.pdf, 1975, 13, 12abc2c6-cde1-4163-bf60-cde7dde4c911
z:\hap\1975\12\4809.pdf, 1975, 12, 761af878-957a-4cf3-83ed-ae7bcff8a996
z:\hap\1975\11\4520.pdf, 1975, 11, 0f9924d1-177f-4cbf-ba21-5e99fb9e7c81
z:\hap\1975\10\4491.pdf, 1975, 10, 7ef3fa2a-bbc1-4685-8303-eed8c06fd521
z:\hap\1975\19\4562.pdf, 1975, 19, 152db073-b810-4429-82a6-44b521b62ef5
z:\hap\1975\18\4597.pdf, 1975, 18, 37eea1da-d277-400b-aa3b-2b32a22a5e12
z:\hap\1978\36\192.pdf, 1978, 36, 8bc55e4a-1fa8-4930-91a6-7a9723a5e008
z:\hap\1978\34\149.pdf, 1978, 34, 9bf54925-b90f-4fec-a9bb-2793aa24470f
z:\hap\1978\35\174.pdf, 1978, 35, 22b0b003-a4dc-4ef9-90f9-4b76201331ca
z:\hap\1978\32\100.pdf, 1978, 32, 7a2cd9a7-c27f-4528-be54-c689d000ba7e
z:\hap\1978\33\106.pdf, 1978, 33, f16860df-e667-4be7-8907-54a197c35989
z:\hap\1978\30\172.pdf, 1978, 30, c51194c0-999f-4dc7-916c-c98335919e0f
z:\hap\1978\31\10.pdf, 1978, 31, 96349125-38e2-4da1-bc85-b401ebe8e284
z:\hap\1998\10\10.pdf, 1998, 10, 19f1015c-506a-4565-92a8-890b71de7e68
z:\hap\1991\11\904.pdf, 1991, 11, 5df9beef-28ab-4f40-90f2-33417cad3762
z:\hap\1981\20\675.pdf, 1981, 20, 9c608661-1cf2-4481-89df-6f7f31b49130
z:\hap\1998\4\10.pdf, 1998, 4, 3e163bee-3a18-4cdb-96e6-5985eff34a0b
z:\hap\1998\5\115.pdf, 1998, 5, 568e200c-695c-47e4-8238-730c1394fd63
z:\hap\1998\6\157.pdf, 1998, 6, 9249af1e-1af7-475e-af9a-474a40879936
z:\hap\1998\7\119.pdf, 1998, 7, cffade8a-a633-4cc7-9bd4-533d21493f4b
z:\hap\1998\2\100.pdf, 1998, 2, 9af29c2e-a33f-4bc8-b6a8-19267a86ea72
z:\hap\1998\3\40.pdf, 1998, 3, 1d4df019-89c0-4beb-ba72-d32c216becd2
z:\hap\1998\8\100.pdf, 1998, 8, 7aa5c83f-e367-4b5d-960a-9395cef9a50d
z:\hap\1998\9\45.pdf, 1998, 9, 496da7db-31c3-4eb3-92fc-54408901bb18
z:\hap\1986\1\46.pdf, 1986, 1, 59c33e06-6147-4128-af78-c78c4f29bf47
z:\hap\1991\10\377.pdf, 1991, 10, 725e86d1-1f3a-486c-bac4-4566f6049db0
z:\hap\1986\3\32.pdf, 1986, 3, 37897875-5ba7-49b7-a920-78c2d43e54e0
z:\hap\1986\2\53.pdf, 1986, 2, f6f205fb-994a-4b59-ab82-2865978524c3
z:\hap\1986\5\10.pdf, 1986, 5, a1e375e7-c923-4ec0-a910-61618e63cbc1
z:\hap\1986\4\191.pdf, 1986, 4, 6ac333c0-49c7-4333-9f32-bd0d9599fffe
z:\hap\1986\7\26.pdf, 1986, 7, b96399ba-ece0-46fb-8b10-4740ab87a158
z:\hap\1986\6\1.pdf, 1986, 6, e35781fa-296a-4ee7-a26f-7ca92a680d3e
z:\hap\1986\9\56.pdf, 1986, 9, bda64874-2c14-4847-b72c-f4629909dbcb
z:\hap\1986\8\100.pdf, 1986, 8, 3e52e47f-27b6-4217-8f29-529f6104a9e8
z:\hap\1980\68\45.pdf, 1980, 68, 51685dd1-8db6-41bd-9092-a2a5d5ac9612
z:\hap\1980\69\34.pdf, 1980, 69, fb1ccc22-2c4c-4c45-bb9a-e555e63ae803
z:\hap\1990\30\79.pdf, 1990, 30, b6e99793-346e-4e58-81bb-c1e4f28ac4ae
z:\hap\1980\62\169.pdf, 1980, 62, 5d4a4172-71e4-4fd5-84e5-ec91a086f4c7
z:\hap\1980\63\191.pdf, 1980, 63, 4fa95e6e-3f61-4bb5-85fa-12e1ae94862f
z:\hap\1980\60\125.pdf, 1980, 60, 9416338c-8ba4-4c6c-9649-8d54eb7f0eb9
z:\hap\1980\61\147.pdf, 1980, 61, 915c5041-353f-49ad-af2b-0409aeb0b7b7
z:\hap\1980\66\100.pdf, 1980, 66, 8b48345e-2617-4cc8-b548-8ffe95070572
z:\hap\1980\67\65.pdf, 1980, 67, ea92096e-8743-4acc-9849-db9cba53c0a4
z:\hap\1980\64\138.pdf, 1980, 64, aa79504c-aeb6-4af9-8a83-0d5242b0c6c5
z:\hap\1980\65\116.pdf, 1980, 65, b8bd7df0-6d90-45dd-b681-15d444f40d9d
z:\hap\1993\13\163.pdf, 1993, 13, 970055d2-97a1-495f-8efc-47174f33cf06
z:\hap\1993\12\100.pdf, 1993, 12, 02898962-3a48-41db-b309-49dc6b3cce14
z:\hap\1993\11\100.pdf, 1993, 11, 30151d92-5efc-40e5-b419-d05df69d7c6f
z:\hap\1993\10\46.pdf, 1993, 10, 0df725db-3278-46ff-91a6-86b8b6c12a16
z:\hap\1993\17\140.pdf, 1993, 17, 7667962d-9d20-4138-b10c-d896d37ea7ad
z:\hap\1993\16\100.pdf, 1993, 16, e529442e-e6e3-4b36-a098-a3357243dc2e
z:\hap\1993\15\47.pdf, 1993, 15, e10e649a-0832-47d0-91f0-ea2f6d7a3538
z:\hap\1993\14\1.pdf, 1993, 14, 6e137721-48eb-4365-bf0d-e5c840c881a2
z:\hap\1993\19\228.pdf, 1993, 19, 1ddc82e0-ed2c-4c4b-8031-7616dba53639
z:\hap\1993\18\1.pdf, 1993, 18, d379b3ba-fba6-4088-b1a2-d94346f4eb98
z:\hap\1979\35\26.pdf, 1979, 35, 1827821c-3c36-4dd3-a4cd-918c23ad64ce
z:\hap\1979\34\38.pdf, 1979, 34, f42f02ae-6ce0-4b9b-bcd2-081f9934b8e7
z:\hap\1979\37\10.pdf, 1979, 37, 499a97d5-6b26-4feb-bccd-bda29d9e7dad
z:\hap\1979\36\17.pdf, 1979, 36, ee93326d-9590-4b24-b126-8e642443e6c4
z:\hap\1979\31\100.pdf, 1979, 31, dda00c84-2103-4c5f-bfc3-3735849ecd7c
z:\hap\1979\30\515.pdf, 1979, 30, 51b53ba3-a4e5-4359-a5bf-016933f5cb19
z:\hap\1979\33\49.pdf, 1979, 33, 5942219b-97dd-49a9-b99a-746cf1ad3bbf
z:\hap\1979\32\71.pdf, 1979, 32, 1624a276-339b-4a77-9bdf-4ccf813de885
z:\hap\1995\14\132.pdf, 1995, 14, 10954def-905b-4246-a183-77bde770db4f
z:\hap\1995\39\152.pdf, 1995, 39, cd85481f-9b80-4caf-928a-7d15b1b01cc3
z:\hap\1983\24\213.pdf, 1983, 24, 55842c73-23f4-491c-a523-84808bf797db
z:\hap\1972\14\30.pdf, 1972, 14, aeb80175-03c0-4707-b1b9-bda646d72061
z:\hap\1972\12\61.pdf, 1972, 12, 15bab3dd-b247-4d5b-8289-aab5ec569dad
z:\hap\1972\13\43.pdf, 1972, 13, 9f7b15d3-3666-4b3a-b572-75de3881c2c4
z:\hap\1972\10\22.pdf, 1972, 10, b14cc064-6a34-45ec-bc8c-f6fc35d732d7
z:\hap\1972\11\100.pdf, 1972, 11, 5b7e5a96-c4de-4dca-9814-edb650260208
z:\hap\1983\5\10.pdf, 1983, 5, fc257247-7c23-4599-ba57-0da108da9b1b
z:\hap\1991\15\0.pdf, 1991, 15, 1cbbddf6-fe3a-47b9-b742-6e4019cd7b0c
z:\hap\1990\23\823.pdf, 1990, 23, 8557e5a9-78e7-4517-86f7-0102dc2fd464
z:\hap\1991\17\127.pdf, 1991, 17, 5169b0a8-ac91-4ff7-88aa-b04fc0b26b87
z:\hap\1991\16\100.pdf, 1991, 16, 5d20625d-fe27-4ed4-898f-918d4646778f
z:\hap\1981\18\572.pdf, 1981, 18, d4fbc5de-c459-48f0-97b1-87c8ecd53245
z:\hap\1981\19\629.pdf, 1981, 19, 05231f5c-8955-43a2-a444-8a2ead86ae1e
z:\hap\1991\13\42.pdf, 1991, 13, b6476b93-aca9-408a-8025-89cb345dea0a
z:\hap\1990\22\810.pdf, 1990, 22, c6c94cf8-249b-496c-8995-9b72826ec2da
z:\hap\1981\14\343.pdf, 1981, 14, 86815890-e73a-4fba-9e54-a5cb9b88a6f6
z:\hap\1981\15\390.pdf, 1981, 15, 9cdda4be-6214-403d-9f1e-909ec7da9981
z:\hap\1981\16\453.pdf, 1981, 16, 93c4b052-f476-4ada-8055-993918d94137
z:\hap\1981\17\508.pdf, 1981, 17, 693a470f-b2d1-4388-8173-8ce2edd29460
z:\hap\1981\10\102.pdf, 1981, 10, 19599cf3-adb6-4930-a533-86bea80b908f
z:\hap\1981\11\142.pdf, 1981, 11, 3f33968e-26af-427c-b3a4-9950b3e593b6
z:\hap\1981\12\179.pdf, 1981, 12, a5e6cbba-58f5-4d97-9322-870645dcf807
z:\hap\1981\13\237.pdf, 1981, 13, 5a6e60f0-ac7a-47aa-997d-4c1b36353572
z:\hap\1990\20\706.pdf, 1990, 20, 2d25db9e-2367-446b-9771-ea1abdc1706c
z:\hap\1978\2\189.pdf, 1978, 2, 36ef02ca-2232-442e-b424-8666fb9d59c8
z:\hap\1978\3\34.pdf, 1978, 3, da653b6a-07a3-47b3-91ee-15fe94ef4701
z:\hap\1987\11\7857.pdf, 1987, 11, 32827b11-3c0d-4f29-853e-be59f89136e5
z:\hap\1990\24\919.pdf, 1990, 24, b8028673-21be-4830-8c6f-047ca636115f
z:\hap\1987\17\1863.pdf, 1987, 17, eaf40c02-3535-419c-80ba-08869769f66a
z:\hap\1997\28\1.pdf, 1997, 28, d0d21102-e91a-4c33-a69a-cec833601aaa
z:\hap\1997\22\194.pdf, 1997, 22, 8de50ab3-3d2d-4e29-81f9-9533c81dccb3
z:\hap\1997\23\56.pdf, 1997, 23, 7ad381f9-7df3-4b72-9571-423873b799cf
z:\hap\1997\20\102.pdf, 1997, 20, 03f74644-913c-4486-a449-0b97ca386cd2
z:\hap\1997\21\73.pdf, 1997, 21, 81572705-e6a1-4eef-96e1-b93f91da28a2
z:\hap\1997\26\1.pdf, 1997, 26, fcd51cba-55a8-466f-be04-c4d095f6e1ac
z:\hap\1997\27\15.pdf, 1997, 27, 50714253-b9d9-413a-9b08-3e3b8a4a809f
z:\hap\1997\24\43.pdf, 1997, 24, 8fb5cf81-3a59-46d3-b9a6-488aa2c54eb6
z:\hap\1997\25\28.pdf, 1997, 25, 0b50b18e-c3df-4128-98c2-1177413e19d3
z:\hap\1980\7\25.pdf, 1980, 7, 6e150ddb-e73b-4a11-ae97-c7bb9dd7defb
z:\hap\1980\6\1.pdf, 1980, 6, da82ff37-1045-4ace-9f63-ecd3693742b1
z:\hap\1980\5\129.pdf, 1980, 5, 1f7149cf-b169-4d1c-b31e-07f4c4ff1aff
z:\hap\1980\4\155.pdf, 1980, 4, a714d209-2c60-49a9-831c-0c6a595b066b
z:\hap\1980\3\174.pdf, 1980, 3, 1071c9b6-98bc-48f4-b933-4fb4db9e567e
z:\hap\1980\2\211.pdf, 1980, 2, eff594c2-52db-468f-bae3-9cc4011278f5
z:\hap\1980\1\212.pdf, 1980, 1, b3c5d50b-b3b6-4bb4-bc6d-c8cc7d432fcf
z:\hap\1993\22\121.pdf, 1993, 22, 9b3b9296-538f-43ad-95cb-467dc6de5918
z:\hap\1980\9\100.pdf, 1980, 9, a322d53f-a4ac-4070-8d3c-94abfd8c7678
z:\hap\1980\8\52.pdf, 1980, 8, c2a6573f-0e2b-4797-b90b-2c7a6ae27439
z:\hap\1987\19\1714.pdf, 1987, 19, 231ceb22-4dbe-4833-b65e-3c3693c92774
z:\hap\1989\30\49.pdf, 1989, 30, fcead72a-c2e1-42c1-8224-fcc8d62b8d3a
z:\hap\1955\5\5043.pdf, 1955, 5, 67f02604-70bd-45d5-8d5d-a75f757ea465
z:\hap\1984\28\4850.pdf, 1984, 28, 2ad0d32f-462d-4400-8601-ab75fbeda932
z:\hap\1984\29\4861.pdf, 1984, 29, a8417a4a-5324-47de-886b-09c409dbd3b4
z:\hap\1992\3\866.pdf, 1992, 3, 6e49fcbe-7703-4940-8078-e269ad251dc5
z:\hap\1955\4\5018.pdf, 1955, 4, 3d217807-af6b-4c48-87a1-3699dd0cadb2
z:\hap\1984\22\4673.pdf, 1984, 22, 59a2f3b2-d298-4bd7-8102-8ea6773a2e85
z:\hap\1984\23\4640.pdf, 1984, 23, 55454ddb-f861-4176-af78-d82d03139120
z:\hap\1984\20\4927.pdf, 1984, 20, 155d9e63-2722-4630-97da-fbe7ef3e45b7
z:\hap\1984\21\4710.pdf, 1984, 21, c7851083-930c-479d-9b58-4502561e0728
z:\hap\1984\26\4547.pdf, 1984, 26, 593da8fa-2e78-420e-9e35-1f57ae3e7c9a
z:\hap\1955\7\5068.pdf, 1955, 7, 62d22046-24a7-4b2f-9982-d8df583f2a8e
z:\hap\1984\24\4607.pdf, 1984, 24, 6c8482fc-4190-4bce-9d7f-da032fd05b96
z:\hap\1984\25\4577.pdf, 1984, 25, 76ce5dfc-a7f5-4546-a261-c2e1a7089cec
z:\hap\1955\6\5070.pdf, 1955, 6, f9f4e16f-c70f-412f-85e7-0961d1d73097
z:\hap\1990\2\256.pdf, 1990, 2, 9b386488-5310-42b6-99ce-ca7ef76add6a
z:\hap\1955\1\5025.pdf, 1955, 1, 41906959-3866-4119-a124-d9198550c1fa
z:\hap\1993\29\1.pdf, 1993, 29, 13e875b0-7927-404a-8509-a589a012fbd7
z:\hap\1995\20\177.pdf, 1995, 20, 94527c91-45af-4cc2-9e08-4e8621600d67
z:\hap\1995\21\53.pdf, 1995, 21, 2dc306ee-6e1d-4e86-aa35-2e2c2dfff081
z:\hap\1995\22\132.pdf, 1995, 22, 211403d0-c368-40ca-950d-45a35fedb6ec
z:\hap\1992\26\884.pdf, 1992, 26, a06b8995-df78-4efb-8f55-24ca3d410b9a
z:\hap\1995\24\1.pdf, 1995, 24, e0386097-2329-4e7a-a374-70c397f83cf7
z:\hap\1995\25\38.pdf, 1995, 25, 5078ac92-5fd0-4fea-b1f2-d28ec1329b6f
z:\hap\1995\26\100.pdf, 1995, 26, 5fc97834-4cb6-4b88-bf01-8fc8150ee679
z:\hap\1995\27\115.pdf, 1995, 27, d00ca3ea-e6c3-43de-8793-a4553a4958ab
z:\hap\1995\28\130.pdf, 1995, 28, 62acad1c-6b0c-4881-a665-c82079db7db7
z:\hap\1995\29\174.pdf, 1995, 29, 2e73794f-25d9-441a-b5ba-087fe8f39e20
z:\hap\1980\13\124.pdf, 1980, 13, f1291a8e-c88c-4aee-afc9-0df852ddc445
z:\hap\1980\12\100.pdf, 1980, 12, a07df717-5a75-4614-a186-14759756954d
z:\hap\1980\11\173.pdf, 1980, 11, 19fa8b7f-9cb2-4fa3-943a-c45630464874
z:\hap\1980\10\139.pdf, 1980, 10, d8f8ba22-88a2-4d60-b081-b43ad2355b09
z:\hap\1980\17\40.pdf, 1980, 17, 61177aac-335a-460d-b05f-244ef64bcb38
z:\hap\1980\16\100.pdf, 1980, 16, 626e9dac-976d-467a-a2ea-51374b1e0e06
z:\hap\1980\15\168.pdf, 1980, 15, 3015e643-e978-414f-8aa5-9d8954c2307c
z:\hap\1980\14\1.pdf, 1980, 14, a5734942-ef94-4d4a-9d06-3b98ca8bb76c
z:\hap\1987\27\1293.pdf, 1987, 27, 2881a766-0666-4384-a363-c08c479f24f9
z:\hap\1987\26\1321.pdf, 1987, 26, b45452bf-3da3-4b93-a533-af12c527d2ab
z:\hap\1980\19\1.pdf, 1980, 19, ad1c1c31-329d-4ee1-980a-f84f9f952270
z:\hap\1980\18\116.pdf, 1980, 18, 2f7efe75-4e58-4a6d-828a-dab2f36e686d
z:\hap\1987\23\1423.pdf, 1987, 23, 061d7d45-9d44-4eb3-aa2c-1a062550770a
z:\hap\1987\22\1473.pdf, 1987, 22, 34933b95-dcd4-426d-9576-ffb1204ac54a
z:\hap\1987\21\1508.pdf, 1987, 21, 908f21a1-970d-48df-b981-80dbf5807bd5
z:\hap\1987\20\2186.pdf, 1987, 20, a058d6ec-1915-42e3-acbd-e70d745b45c6
z:\hap\1983\26\251.pdf, 1983, 26, 163dadb9-3eb6-4fc0-90ba-e2d723c2952d
z:\hap\1986\20\100.pdf, 1986, 20, 6f31f146-3d2a-4ca2-8884-b097b44df46c
z:\hap\1986\21\35.pdf, 1986, 21, 09b8af0c-0d25-493e-9eaf-e01d423911e2
z:\hap\1986\22\100.pdf, 1986, 22, 01bced1a-124f-48d8-bbcc-224023ee3fea
z:\hap\1981\26\808.pdf, 1981, 26, 22930791-3091-4bac-b61a-b0d9edebe1dc
z:\hap\1981\21\285.pdf, 1981, 21, f1dd15f7-be4c-4d06-9c85-b1bb35597415
z:\hap\1986\25\1.pdf, 1986, 25, 78351292-6425-493b-89a0-d526e537bb18
z:\hap\1981\23\740.pdf, 1981, 23, ab173601-7d03-4a47-bf59-159a5e3e5961
z:\hap\1981\22\717.pdf, 1981, 22, 773e4aaf-7b77-4bcd-972d-f3889220b0dd
z:\hap\1986\28\191.pdf, 1986, 28, df8cfdde-3984-4737-a4ba-b5e4e47b998a
z:\hap\1986\29\159.pdf, 1986, 29, ed0c0089-8b84-4000-a9b2-b481df4e5cce
z:\hap\1981\29\14.pdf, 1981, 29, 69d946d8-a615-4b4e-bc42-f70f93c540e4
z:\hap\1981\28\1.pdf, 1981, 28, 593e4451-2ef0-4c26-a38e-47e60dc7f639
z:\hap\1958\1\5048.pdf, 1958, 1, 6c4532da-710e-485c-b6ce-97bfd46b87ff
z:\hap\1958\2\5007.pdf, 1958, 2, ac2f094c-1650-420c-9b3c-3fa0e20d91c3
z:\hap\1958\3\5065.pdf, 1958, 3, e794bd24-6198-406b-8240-25c8d418fac7
z:\hap\1977\24\136.pdf, 1977, 24, 06a31318-255e-4bd9-9a3f-daee3ce7bd74
z:\hap\1958\5\5030.pdf, 1958, 5, 7ace1c39-8651-405d-8ee6-0bc1afcd05f6
z:\hap\1977\26\180.pdf, 1977, 26, e5c14e40-8691-4739-8520-b567c0b1db4c
z:\hap\1979\22\280.pdf, 1979, 22, 167a6c29-0dec-4073-b992-e5d749e662f5
z:\hap\1958\7\5055.pdf, 1958, 7, 48c2b314-5f96-4155-aa69-19b14aaeb19d
z:\hap\1958\8\5107.pdf, 1958, 8, 1e40ab7a-174e-4a81-8bc5-e96c3e4446ae
z:\hap\1977\29\140.pdf, 1977, 29, 03fd7133-7376-42a4-82c2-9588eae4961a
